﻿{"cameraMode":{"drawMode":0,"name":"Shaded","section":"Shading Mode"},"sceneLighting":true,"audioPlay":false,"sceneViewState":{"showFog":true,"showMaterialUpdate":false,"showSkybox":true,"showFlares":true,"showImageEffects":true,"showParticleSystems":true},"in2DMode":false,"pivot":{"x":-25.542285919189454,"y":-0.28775978088378909,"z":-234.96902465820313},"rotation":{"x":0.005131642334163189,"y":-0.9943910241127014,"z":0.05763879418373108,"w":0.08853202313184738},"size":207.66275024414063,"orthographic":false}