﻿{"cameraMode":{"drawMode":0,"name":"Shaded","section":"Shading Mode"},"sceneLighting":true,"audioPlay":false,"sceneViewState":{"showFog":true,"showMaterialUpdate":false,"showSkybox":true,"showFlares":true,"showImageEffects":true,"showParticleSystems":true},"in2DMode":false,"pivot":{"x":22.907899856567384,"y":4.75589656829834,"z":11.83975601196289},"rotation":{"x":0.06265892833471298,"y":0.8144542574882507,"z":-0.08954575657844544,"w":0.5698418021202087},"size":24.02454948425293,"orthographic":false}